Algoritmo,Modo,Tamanho,Tipo_de_Dados,Profundidade,Num_Threads_Estimado,Num_Threads_Utilizadas,Amostra,Tempo_ms,Cpu_Count,Timestamp
MergeSort,Serial,10000,random,0,1,1,1,2,954800,16,Mon Nov 03 16:37:49 GMT-03:00 2025
MergeSort,Serial,10000,random,0,1,1,2,1,575800,16,Mon Nov 03 16:37:49 GMT-03:00 2025
MergeSort,Serial,10000,random,0,1,1,3,1,487700,16,Mon Nov 03 16:37:49 GMT-03:00 2025
MergeSort,Serial,10000,random,0,1,1,4,1,733600,16,Mon Nov 03 16:37:49 GMT-03:00 2025
MergeSort,Serial,10000,random,0,1,1,5,2,312500,16,Mon Nov 03 16:37:49 GMT-03:00 2025
MergeSort,Paralela,10000,random,1,2,2,1,12,725800,16,Mon Nov 03 16:37:49 GMT-03:00 2025
MergeSort,Paralela,10000,random,1,2,2,2,2,434900,16,Mon Nov 03 16:37:49 GMT-03:00 2025
MergeSort,Paralela,10000,random,1,2,2,3,2,446100,16,Mon Nov 03 16:37:49 GMT-03:00 2025
MergeSort,Paralela,10000,random,1,2,2,4,2,103400,16,Mon Nov 03 16:37:49 GMT-03:00 2025
MergeSort,Paralela,10000,random,1,2,2,5,2,134200,16,Mon Nov 03 16:37:49 GMT-03:00 2025
MergeSort,Paralela,10000,random,2,4,4,1,7,770500,16,Mon Nov 03 16:37:49 GMT-03:00 2025
MergeSort,Paralela,10000,random,2,4,4,2,2,495600,16,Mon Nov 03 16:37:49 GMT-03:00 2025
MergeSort,Paralela,10000,random,2,4,4,3,1,880900,16,Mon Nov 03 16:37:49 GMT-03:00 2025
MergeSort,Paralela,10000,random,2,4,4,4,2,319900,16,Mon Nov 03 16:37:49 GMT-03:00 2025
MergeSort,Paralela,10000,random,2,4,4,5,3,487000,16,Mon Nov 03 16:37:49 GMT-03:00 2025
MergeSort,Paralela,10000,random,3,8,8,1,3,651000,16,Mon Nov 03 16:37:49 GMT-03:00 2025
MergeSort,Paralela,10000,random,3,8,8,2,2,980400,16,Mon Nov 03 16:37:49 GMT-03:00 2025
MergeSort,Paralela,10000,random,3,8,8,3,3,020500,16,Mon Nov 03 16:37:49 GMT-03:00 2025
MergeSort,Paralela,10000,random,3,8,8,4,4,746600,16,Mon Nov 03 16:37:49 GMT-03:00 2025
MergeSort,Paralela,10000,random,3,8,8,5,2,881000,16,Mon Nov 03 16:37:49 GMT-03:00 2025
MergeSort,Serial,10000,sorted,0,1,1,1,1,002000,16,Mon Nov 03 16:37:49 GMT-03:00 2025
MergeSort,Serial,10000,sorted,0,1,1,2,1,293300,16,Mon Nov 03 16:37:49 GMT-03:00 2025
MergeSort,Serial,10000,sorted,0,1,1,3,1,286500,16,Mon Nov 03 16:37:49 GMT-03:00 2025
MergeSort,Serial,10000,sorted,0,1,1,4,3,383300,16,Mon Nov 03 16:37:49 GMT-03:00 2025
MergeSort,Serial,10000,sorted,0,1,1,5,0,742000,16,Mon Nov 03 16:37:49 GMT-03:00 2025
MergeSort,Paralela,10000,sorted,1,2,2,1,1,275000,16,Mon Nov 03 16:37:49 GMT-03:00 2025
MergeSort,Paralela,10000,sorted,1,2,2,2,0,997600,16,Mon Nov 03 16:37:49 GMT-03:00 2025
MergeSort,Paralela,10000,sorted,1,2,2,3,1,124000,16,Mon Nov 03 16:37:49 GMT-03:00 2025
MergeSort,Paralela,10000,sorted,1,2,2,4,1,153400,16,Mon Nov 03 16:37:49 GMT-03:00 2025
MergeSort,Paralela,10000,sorted,1,2,2,5,1,163400,16,Mon Nov 03 16:37:49 GMT-03:00 2025
MergeSort,Paralela,10000,sorted,2,4,4,1,2,078900,16,Mon Nov 03 16:37:49 GMT-03:00 2025
MergeSort,Paralela,10000,sorted,2,4,4,2,1,960200,16,Mon Nov 03 16:37:49 GMT-03:00 2025
MergeSort,Paralela,10000,sorted,2,4,4,3,1,925700,16,Mon Nov 03 16:37:49 GMT-03:00 2025
MergeSort,Paralela,10000,sorted,2,4,4,4,1,758700,16,Mon Nov 03 16:37:49 GMT-03:00 2025
MergeSort,Paralela,10000,sorted,2,4,4,5,1,367600,16,Mon Nov 03 16:37:49 GMT-03:00 2025
MergeSort,Paralela,10000,sorted,3,8,8,1,3,137600,16,Mon Nov 03 16:37:49 GMT-03:00 2025
MergeSort,Paralela,10000,sorted,3,8,8,2,2,889900,16,Mon Nov 03 16:37:49 GMT-03:00 2025
MergeSort,Paralela,10000,sorted,3,8,8,3,4,080100,16,Mon Nov 03 16:37:49 GMT-03:00 2025
MergeSort,Paralela,10000,sorted,3,8,8,4,2,925900,16,Mon Nov 03 16:37:49 GMT-03:00 2025
MergeSort,Paralela,10000,sorted,3,8,8,5,2,496600,16,Mon Nov 03 16:37:49 GMT-03:00 2025
MergeSort,Serial,10000,reversed,0,1,1,1,1,285500,16,Mon Nov 03 16:37:49 GMT-03:00 2025
MergeSort,Serial,10000,reversed,0,1,1,2,1,183000,16,Mon Nov 03 16:37:49 GMT-03:00 2025
MergeSort,Serial,10000,reversed,0,1,1,3,1,421700,16,Mon Nov 03 16:37:49 GMT-03:00 2025
MergeSort,Serial,10000,reversed,0,1,1,4,1,575600,16,Mon Nov 03 16:37:49 GMT-03:00 2025
MergeSort,Serial,10000,reversed,0,1,1,5,4,117600,16,Mon Nov 03 16:37:49 GMT-03:00 2025
MergeSort,Paralela,10000,reversed,1,2,2,1,1,139600,16,Mon Nov 03 16:37:49 GMT-03:00 2025
MergeSort,Paralela,10000,reversed,1,2,2,2,0,935700,16,Mon Nov 03 16:37:49 GMT-03:00 2025
MergeSort,Paralela,10000,reversed,1,2,2,3,1,260500,16,Mon Nov 03 16:37:49 GMT-03:00 2025
MergeSort,Paralela,10000,reversed,1,2,2,4,1,108300,16,Mon Nov 03 16:37:49 GMT-03:00 2025
MergeSort,Paralela,10000,reversed,1,2,2,5,1,020500,16,Mon Nov 03 16:37:49 GMT-03:00 2025
MergeSort,Paralela,10000,reversed,2,4,4,1,1,625000,16,Mon Nov 03 16:37:49 GMT-03:00 2025
MergeSort,Paralela,10000,reversed,2,4,4,2,1,838300,16,Mon Nov 03 16:37:49 GMT-03:00 2025
MergeSort,Paralela,10000,reversed,2,4,4,3,1,704400,16,Mon Nov 03 16:37:49 GMT-03:00 2025
MergeSort,Paralela,10000,reversed,2,4,4,4,1,618700,16,Mon Nov 03 16:37:49 GMT-03:00 2025
MergeSort,Paralela,10000,reversed,2,4,4,5,2,050500,16,Mon Nov 03 16:37:49 GMT-03:00 2025
MergeSort,Paralela,10000,reversed,3,8,8,1,2,704700,16,Mon Nov 03 16:37:49 GMT-03:00 2025
MergeSort,Paralela,10000,reversed,3,8,8,2,2,827900,16,Mon Nov 03 16:37:49 GMT-03:00 2025
MergeSort,Paralela,10000,reversed,3,8,8,3,2,542600,16,Mon Nov 03 16:37:49 GMT-03:00 2025
MergeSort,Paralela,10000,reversed,3,8,8,4,3,001000,16,Mon Nov 03 16:37:49 GMT-03:00 2025
MergeSort,Paralela,10000,reversed,3,8,8,5,4,996900,16,Mon Nov 03 16:37:49 GMT-03:00 2025
MergeSort,Serial,10000,duplicates,0,1,1,1,0,990100,16,Mon Nov 03 16:37:49 GMT-03:00 2025
MergeSort,Serial,10000,duplicates,0,1,1,2,0,961500,16,Mon Nov 03 16:37:49 GMT-03:00 2025
MergeSort,Serial,10000,duplicates,0,1,1,3,0,943100,16,Mon Nov 03 16:37:49 GMT-03:00 2025
MergeSort,Serial,10000,duplicates,0,1,1,4,1,125900,16,Mon Nov 03 16:37:49 GMT-03:00 2025
MergeSort,Serial,10000,duplicates,0,1,1,5,1,011400,16,Mon Nov 03 16:37:49 GMT-03:00 2025
MergeSort,Paralela,10000,duplicates,1,2,2,1,1,123400,16,Mon Nov 03 16:37:49 GMT-03:00 2025
MergeSort,Paralela,10000,duplicates,1,2,2,2,1,149300,16,Mon Nov 03 16:37:49 GMT-03:00 2025
MergeSort,Paralela,10000,duplicates,1,2,2,3,1,227500,16,Mon Nov 03 16:37:49 GMT-03:00 2025
MergeSort,Paralela,10000,duplicates,1,2,2,4,0,976500,16,Mon Nov 03 16:37:49 GMT-03:00 2025
MergeSort,Paralela,10000,duplicates,1,2,2,5,1,038000,16,Mon Nov 03 16:37:49 GMT-03:00 2025
MergeSort,Paralela,10000,duplicates,2,4,4,1,1,672800,16,Mon Nov 03 16:37:49 GMT-03:00 2025
MergeSort,Paralela,10000,duplicates,2,4,4,2,1,624600,16,Mon Nov 03 16:37:49 GMT-03:00 2025
MergeSort,Paralela,10000,duplicates,2,4,4,3,1,756100,16,Mon Nov 03 16:37:49 GMT-03:00 2025
MergeSort,Paralela,10000,duplicates,2,4,4,4,1,869900,16,Mon Nov 03 16:37:49 GMT-03:00 2025
MergeSort,Paralela,10000,duplicates,2,4,4,5,1,709700,16,Mon Nov 03 16:37:49 GMT-03:00 2025
MergeSort,Paralela,10000,duplicates,3,8,8,1,2,368500,16,Mon Nov 03 16:37:49 GMT-03:00 2025
MergeSort,Paralela,10000,duplicates,3,8,8,2,2,671700,16,Mon Nov 03 16:37:49 GMT-03:00 2025
MergeSort,Paralela,10000,duplicates,3,8,8,3,2,381500,16,Mon Nov 03 16:37:49 GMT-03:00 2025
MergeSort,Paralela,10000,duplicates,3,8,8,4,2,411000,16,Mon Nov 03 16:37:49 GMT-03:00 2025
MergeSort,Paralela,10000,duplicates,3,8,8,5,2,473300,16,Mon Nov 03 16:37:49 GMT-03:00 2025
MergeSort,Serial,50000,random,0,1,1,1,12,692200,16,Mon Nov 03 16:37:49 GMT-03:00 2025
MergeSort,Serial,50000,random,0,1,1,2,13,333500,16,Mon Nov 03 16:37:49 GMT-03:00 2025
MergeSort,Serial,50000,random,0,1,1,3,8,375800,16,Mon Nov 03 16:37:49 GMT-03:00 2025
MergeSort,Serial,50000,random,0,1,1,4,8,707500,16,Mon Nov 03 16:37:49 GMT-03:00 2025
MergeSort,Serial,50000,random,0,1,1,5,8,725100,16,Mon Nov 03 16:37:49 GMT-03:00 2025
MergeSort,Paralela,50000,random,1,2,2,1,4,816500,16,Mon Nov 03 16:37:49 GMT-03:00 2025
MergeSort,Paralela,50000,random,1,2,2,2,5,200200,16,Mon Nov 03 16:37:49 GMT-03:00 2025
MergeSort,Paralela,50000,random,1,2,2,3,4,492600,16,Mon Nov 03 16:37:49 GMT-03:00 2025
MergeSort,Paralela,50000,random,1,2,2,4,5,049600,16,Mon Nov 03 16:37:49 GMT-03:00 2025
MergeSort,Paralela,50000,random,1,2,2,5,7,471200,16,Mon Nov 03 16:37:49 GMT-03:00 2025
MergeSort,Paralela,50000,random,2,4,4,1,3,454900,16,Mon Nov 03 16:37:49 GMT-03:00 2025
MergeSort,Paralela,50000,random,2,4,4,2,3,964400,16,Mon Nov 03 16:37:49 GMT-03:00 2025
MergeSort,Paralela,50000,random,2,4,4,3,3,918400,16,Mon Nov 03 16:37:49 GMT-03:00 2025
MergeSort,Paralela,50000,random,2,4,4,4,4,423400,16,Mon Nov 03 16:37:49 GMT-03:00 2025
MergeSort,Paralela,50000,random,2,4,4,5,4,357700,16,Mon Nov 03 16:37:49 GMT-03:00 2025
MergeSort,Paralela,50000,random,3,8,8,1,4,033000,16,Mon Nov 03 16:37:49 GMT-03:00 2025
MergeSort,Paralela,50000,random,3,8,8,2,6,589000,16,Mon Nov 03 16:37:49 GMT-03:00 2025
MergeSort,Paralela,50000,random,3,8,8,3,4,561000,16,Mon Nov 03 16:37:49 GMT-03:00 2025
MergeSort,Paralela,50000,random,3,8,8,4,4,787800,16,Mon Nov 03 16:37:49 GMT-03:00 2025
MergeSort,Paralela,50000,random,3,8,8,5,4,198200,16,Mon Nov 03 16:37:49 GMT-03:00 2025
MergeSort,Serial,50000,sorted,0,1,1,1,3,921300,16,Mon Nov 03 16:37:49 GMT-03:00 2025
MergeSort,Serial,50000,sorted,0,1,1,2,3,764300,16,Mon Nov 03 16:37:49 GMT-03:00 2025
MergeSort,Serial,50000,sorted,0,1,1,3,4,366400,16,Mon Nov 03 16:37:49 GMT-03:00 2025
MergeSort,Serial,50000,sorted,0,1,1,4,4,499300,16,Mon Nov 03 16:37:49 GMT-03:00 2025
MergeSort,Serial,50000,sorted,0,1,1,5,3,702700,16,Mon Nov 03 16:37:49 GMT-03:00 2025
MergeSort,Paralela,50000,sorted,1,2,2,1,5,436700,16,Mon Nov 03 16:37:49 GMT-03:00 2025
MergeSort,Paralela,50000,sorted,1,2,2,2,2,705000,16,Mon Nov 03 16:37:49 GMT-03:00 2025
MergeSort,Paralela,50000,sorted,1,2,2,3,2,500200,16,Mon Nov 03 16:37:49 GMT-03:00 2025
MergeSort,Paralela,50000,sorted,1,2,2,4,2,410700,16,Mon Nov 03 16:37:49 GMT-03:00 2025
MergeSort,Paralela,50000,sorted,1,2,2,5,2,672100,16,Mon Nov 03 16:37:49 GMT-03:00 2025
MergeSort,Paralela,50000,sorted,2,4,4,1,2,494400,16,Mon Nov 03 16:37:49 GMT-03:00 2025
MergeSort,Paralela,50000,sorted,2,4,4,2,3,373800,16,Mon Nov 03 16:37:49 GMT-03:00 2025
MergeSort,Paralela,50000,sorted,2,4,4,3,2,249100,16,Mon Nov 03 16:37:49 GMT-03:00 2025
MergeSort,Paralela,50000,sorted,2,4,4,4,6,166000,16,Mon Nov 03 16:37:49 GMT-03:00 2025
MergeSort,Paralela,50000,sorted,2,4,4,5,4,329400,16,Mon Nov 03 16:37:49 GMT-03:00 2025
MergeSort,Paralela,50000,sorted,3,8,8,1,6,697500,16,Mon Nov 03 16:37:49 GMT-03:00 2025
MergeSort,Paralela,50000,sorted,3,8,8,2,4,181300,16,Mon Nov 03 16:37:49 GMT-03:00 2025
MergeSort,Paralela,50000,sorted,3,8,8,3,5,324800,16,Mon Nov 03 16:37:49 GMT-03:00 2025
MergeSort,Paralela,50000,sorted,3,8,8,4,6,570900,16,Mon Nov 03 16:37:49 GMT-03:00 2025
MergeSort,Paralela,50000,sorted,3,8,8,5,4,355300,16,Mon Nov 03 16:37:49 GMT-03:00 2025
MergeSort,Serial,50000,reversed,0,1,1,1,4,235700,16,Mon Nov 03 16:37:49 GMT-03:00 2025
MergeSort,Serial,50000,reversed,0,1,1,2,4,463500,16,Mon Nov 03 16:37:49 GMT-03:00 2025
MergeSort,Serial,50000,reversed,0,1,1,3,4,023500,16,Mon Nov 03 16:37:49 GMT-03:00 2025
MergeSort,Serial,50000,reversed,0,1,1,4,3,936600,16,Mon Nov 03 16:37:49 GMT-03:00 2025
MergeSort,Serial,50000,reversed,0,1,1,5,3,702600,16,Mon Nov 03 16:37:49 GMT-03:00 2025
MergeSort,Paralela,50000,reversed,1,2,2,1,5,010400,16,Mon Nov 03 16:37:49 GMT-03:00 2025
MergeSort,Paralela,50000,reversed,1,2,2,2,4,228300,16,Mon Nov 03 16:37:49 GMT-03:00 2025
MergeSort,Paralela,50000,reversed,1,2,2,3,3,088600,16,Mon Nov 03 16:37:49 GMT-03:00 2025
MergeSort,Paralela,50000,reversed,1,2,2,4,4,053900,16,Mon Nov 03 16:37:49 GMT-03:00 2025
MergeSort,Paralela,50000,reversed,1,2,2,5,2,795200,16,Mon Nov 03 16:37:49 GMT-03:00 2025
MergeSort,Paralela,50000,reversed,2,4,4,1,2,575600,16,Mon Nov 03 16:37:49 GMT-03:00 2025
MergeSort,Paralela,50000,reversed,2,4,4,2,3,448400,16,Mon Nov 03 16:37:49 GMT-03:00 2025
MergeSort,Paralela,50000,reversed,2,4,4,3,3,081500,16,Mon Nov 03 16:37:49 GMT-03:00 2025
MergeSort,Paralela,50000,reversed,2,4,4,4,3,139100,16,Mon Nov 03 16:37:49 GMT-03:00 2025
MergeSort,Paralela,50000,reversed,2,4,4,5,2,926900,16,Mon Nov 03 16:37:49 GMT-03:00 2025
MergeSort,Paralela,50000,reversed,3,8,8,1,3,723800,16,Mon Nov 03 16:37:49 GMT-03:00 2025
MergeSort,Paralela,50000,reversed,3,8,8,2,3,792600,16,Mon Nov 03 16:37:49 GMT-03:00 2025
MergeSort,Paralela,50000,reversed,3,8,8,3,6,406100,16,Mon Nov 03 16:37:49 GMT-03:00 2025
MergeSort,Paralela,50000,reversed,3,8,8,4,3,580200,16,Mon Nov 03 16:37:49 GMT-03:00 2025
MergeSort,Paralela,50000,reversed,3,8,8,5,3,433700,16,Mon Nov 03 16:37:49 GMT-03:00 2025
MergeSort,Serial,50000,duplicates,0,1,1,1,6,418500,16,Mon Nov 03 16:37:49 GMT-03:00 2025
MergeSort,Serial,50000,duplicates,0,1,1,2,5,958900,16,Mon Nov 03 16:37:49 GMT-03:00 2025
MergeSort,Serial,50000,duplicates,0,1,1,3,5,758200,16,Mon Nov 03 16:37:49 GMT-03:00 2025
MergeSort,Serial,50000,duplicates,0,1,1,4,6,043100,16,Mon Nov 03 16:37:49 GMT-03:00 2025
MergeSort,Serial,50000,duplicates,0,1,1,5,5,788400,16,Mon Nov 03 16:37:49 GMT-03:00 2025
MergeSort,Paralela,50000,duplicates,1,2,2,1,5,854400,16,Mon Nov 03 16:37:49 GMT-03:00 2025
MergeSort,Paralela,50000,duplicates,1,2,2,2,4,414600,16,Mon Nov 03 16:37:49 GMT-03:00 2025
MergeSort,Paralela,50000,duplicates,1,2,2,3,4,193100,16,Mon Nov 03 16:37:49 GMT-03:00 2025
MergeSort,Paralela,50000,duplicates,1,2,2,4,4,657800,16,Mon Nov 03 16:37:49 GMT-03:00 2025
MergeSort,Paralela,50000,duplicates,1,2,2,5,4,644000,16,Mon Nov 03 16:37:49 GMT-03:00 2025
MergeSort,Paralela,50000,duplicates,2,4,4,1,6,690700,16,Mon Nov 03 16:37:49 GMT-03:00 2025
MergeSort,Paralela,50000,duplicates,2,4,4,2,3,506700,16,Mon Nov 03 16:37:49 GMT-03:00 2025
MergeSort,Paralela,50000,duplicates,2,4,4,3,3,921200,16,Mon Nov 03 16:37:49 GMT-03:00 2025
MergeSort,Paralela,50000,duplicates,2,4,4,4,3,604000,16,Mon Nov 03 16:37:49 GMT-03:00 2025
MergeSort,Paralela,50000,duplicates,2,4,4,5,3,063000,16,Mon Nov 03 16:37:49 GMT-03:00 2025
MergeSort,Paralela,50000,duplicates,3,8,8,1,3,454700,16,Mon Nov 03 16:37:49 GMT-03:00 2025
MergeSort,Paralela,50000,duplicates,3,8,8,2,3,742700,16,Mon Nov 03 16:37:49 GMT-03:00 2025
MergeSort,Paralela,50000,duplicates,3,8,8,3,3,682300,16,Mon Nov 03 16:37:49 GMT-03:00 2025
MergeSort,Paralela,50000,duplicates,3,8,8,4,3,597600,16,Mon Nov 03 16:37:49 GMT-03:00 2025
MergeSort,Paralela,50000,duplicates,3,8,8,5,4,912600,16,Mon Nov 03 16:37:49 GMT-03:00 2025
MergeSort,Serial,100000,random,0,1,1,1,15,641500,16,Mon Nov 03 16:37:49 GMT-03:00 2025
MergeSort,Serial,100000,random,0,1,1,2,23,607900,16,Mon Nov 03 16:37:49 GMT-03:00 2025
MergeSort,Serial,100000,random,0,1,1,3,20,621500,16,Mon Nov 03 16:37:50 GMT-03:00 2025
MergeSort,Serial,100000,random,0,1,1,4,19,467700,16,Mon Nov 03 16:37:50 GMT-03:00 2025
MergeSort,Serial,100000,random,0,1,1,5,20,123600,16,Mon Nov 03 16:37:50 GMT-03:00 2025
MergeSort,Paralela,100000,random,1,2,2,1,12,659600,16,Mon Nov 03 16:37:50 GMT-03:00 2025
MergeSort,Paralela,100000,random,1,2,2,2,8,913900,16,Mon Nov 03 16:37:50 GMT-03:00 2025
MergeSort,Paralela,100000,random,1,2,2,3,9,036400,16,Mon Nov 03 16:37:50 GMT-03:00 2025
MergeSort,Paralela,100000,random,1,2,2,4,8,837300,16,Mon Nov 03 16:37:50 GMT-03:00 2025
MergeSort,Paralela,100000,random,1,2,2,5,8,660100,16,Mon Nov 03 16:37:50 GMT-03:00 2025
MergeSort,Paralela,100000,random,2,4,4,1,9,154000,16,Mon Nov 03 16:37:50 GMT-03:00 2025
MergeSort,Paralela,100000,random,2,4,4,2,6,194100,16,Mon Nov 03 16:37:50 GMT-03:00 2025
MergeSort,Paralela,100000,random,2,4,4,3,6,714700,16,Mon Nov 03 16:37:50 GMT-03:00 2025
MergeSort,Paralela,100000,random,2,4,4,4,6,184300,16,Mon Nov 03 16:37:50 GMT-03:00 2025
MergeSort,Paralela,100000,random,2,4,4,5,6,428700,16,Mon Nov 03 16:37:50 GMT-03:00 2025
MergeSort,Paralela,100000,random,3,8,8,1,6,433600,16,Mon Nov 03 16:37:50 GMT-03:00 2025
MergeSort,Paralela,100000,random,3,8,8,2,5,776300,16,Mon Nov 03 16:37:50 GMT-03:00 2025
MergeSort,Paralela,100000,random,3,8,8,3,6,775200,16,Mon Nov 03 16:37:50 GMT-03:00 2025
MergeSort,Paralela,100000,random,3,8,8,4,8,624600,16,Mon Nov 03 16:37:50 GMT-03:00 2025
MergeSort,Paralela,100000,random,3,8,8,5,6,364200,16,Mon Nov 03 16:37:50 GMT-03:00 2025
MergeSort,Serial,100000,sorted,0,1,1,1,8,040500,16,Mon Nov 03 16:37:50 GMT-03:00 2025
MergeSort,Serial,100000,sorted,0,1,1,2,8,595200,16,Mon Nov 03 16:37:50 GMT-03:00 2025
MergeSort,Serial,100000,sorted,0,1,1,3,7,408100,16,Mon Nov 03 16:37:50 GMT-03:00 2025
MergeSort,Serial,100000,sorted,0,1,1,4,7,423000,16,Mon Nov 03 16:37:50 GMT-03:00 2025
MergeSort,Serial,100000,sorted,0,1,1,5,7,276800,16,Mon Nov 03 16:37:50 GMT-03:00 2025
MergeSort,Paralela,100000,sorted,1,2,2,1,4,767300,16,Mon Nov 03 16:37:50 GMT-03:00 2025
MergeSort,Paralela,100000,sorted,1,2,2,2,5,397900,16,Mon Nov 03 16:37:50 GMT-03:00 2025
MergeSort,Paralela,100000,sorted,1,2,2,3,9,439800,16,Mon Nov 03 16:37:50 GMT-03:00 2025
MergeSort,Paralela,100000,sorted,1,2,2,4,5,639200,16,Mon Nov 03 16:37:50 GMT-03:00 2025
MergeSort,Paralela,100000,sorted,1,2,2,5,4,461400,16,Mon Nov 03 16:37:50 GMT-03:00 2025
MergeSort,Paralela,100000,sorted,2,4,4,1,4,982500,16,Mon Nov 03 16:37:50 GMT-03:00 2025
MergeSort,Paralela,100000,sorted,2,4,4,2,5,120100,16,Mon Nov 03 16:37:50 GMT-03:00 2025
MergeSort,Paralela,100000,sorted,2,4,4,3,4,867900,16,Mon Nov 03 16:37:50 GMT-03:00 2025
MergeSort,Paralela,100000,sorted,2,4,4,4,5,029500,16,Mon Nov 03 16:37:50 GMT-03:00 2025
MergeSort,Paralela,100000,sorted,2,4,4,5,5,347800,16,Mon Nov 03 16:37:50 GMT-03:00 2025
MergeSort,Paralela,100000,sorted,3,8,8,1,5,027300,16,Mon Nov 03 16:37:50 GMT-03:00 2025
MergeSort,Paralela,100000,sorted,3,8,8,2,6,885200,16,Mon Nov 03 16:37:50 GMT-03:00 2025
MergeSort,Paralela,100000,sorted,3,8,8,3,5,730100,16,Mon Nov 03 16:37:50 GMT-03:00 2025
MergeSort,Paralela,100000,sorted,3,8,8,4,4,997600,16,Mon Nov 03 16:37:50 GMT-03:00 2025
MergeSort,Paralela,100000,sorted,3,8,8,5,4,530400,16,Mon Nov 03 16:37:50 GMT-03:00 2025
MergeSort,Serial,100000,reversed,0,1,1,1,8,143400,16,Mon Nov 03 16:37:50 GMT-03:00 2025
MergeSort,Serial,100000,reversed,0,1,1,2,11,209200,16,Mon Nov 03 16:37:50 GMT-03:00 2025
MergeSort,Serial,100000,reversed,0,1,1,3,11,355800,16,Mon Nov 03 16:37:50 GMT-03:00 2025
MergeSort,Serial,100000,reversed,0,1,1,4,11,853400,16,Mon Nov 03 16:37:50 GMT-03:00 2025
MergeSort,Serial,100000,reversed,0,1,1,5,8,723100,16,Mon Nov 03 16:37:50 GMT-03:00 2025
MergeSort,Paralela,100000,reversed,1,2,2,1,6,682800,16,Mon Nov 03 16:37:50 GMT-03:00 2025
MergeSort,Paralela,100000,reversed,1,2,2,2,6,227600,16,Mon Nov 03 16:37:50 GMT-03:00 2025
MergeSort,Paralela,100000,reversed,1,2,2,3,4,817800,16,Mon Nov 03 16:37:50 GMT-03:00 2025
MergeSort,Paralela,100000,reversed,1,2,2,4,7,385100,16,Mon Nov 03 16:37:50 GMT-03:00 2025
MergeSort,Paralela,100000,reversed,1,2,2,5,6,719700,16,Mon Nov 03 16:37:50 GMT-03:00 2025
MergeSort,Paralela,100000,reversed,2,4,4,1,4,943700,16,Mon Nov 03 16:37:50 GMT-03:00 2025
MergeSort,Paralela,100000,reversed,2,4,4,2,4,258100,16,Mon Nov 03 16:37:50 GMT-03:00 2025
MergeSort,Paralela,100000,reversed,2,4,4,3,4,153500,16,Mon Nov 03 16:37:50 GMT-03:00 2025
MergeSort,Paralela,100000,reversed,2,4,4,4,4,897200,16,Mon Nov 03 16:37:50 GMT-03:00 2025
MergeSort,Paralela,100000,reversed,2,4,4,5,5,508500,16,Mon Nov 03 16:37:50 GMT-03:00 2025
MergeSort,Paralela,100000,reversed,3,8,8,1,5,345600,16,Mon Nov 03 16:37:50 GMT-03:00 2025
MergeSort,Paralela,100000,reversed,3,8,8,2,4,922400,16,Mon Nov 03 16:37:50 GMT-03:00 2025
MergeSort,Paralela,100000,reversed,3,8,8,3,5,357300,16,Mon Nov 03 16:37:50 GMT-03:00 2025
MergeSort,Paralela,100000,reversed,3,8,8,4,6,207100,16,Mon Nov 03 16:37:50 GMT-03:00 2025
MergeSort,Paralela,100000,reversed,3,8,8,5,5,032500,16,Mon Nov 03 16:37:50 GMT-03:00 2025
MergeSort,Serial,100000,duplicates,0,1,1,1,12,128600,16,Mon Nov 03 16:37:50 GMT-03:00 2025
MergeSort,Serial,100000,duplicates,0,1,1,2,10,470000,16,Mon Nov 03 16:37:50 GMT-03:00 2025
MergeSort,Serial,100000,duplicates,0,1,1,3,11,111100,16,Mon Nov 03 16:37:50 GMT-03:00 2025
MergeSort,Serial,100000,duplicates,0,1,1,4,10,848200,16,Mon Nov 03 16:37:50 GMT-03:00 2025
MergeSort,Serial,100000,duplicates,0,1,1,5,10,046200,16,Mon Nov 03 16:37:50 GMT-03:00 2025
MergeSort,Paralela,100000,duplicates,1,2,2,1,6,497300,16,Mon Nov 03 16:37:50 GMT-03:00 2025
MergeSort,Paralela,100000,duplicates,1,2,2,2,5,831200,16,Mon Nov 03 16:37:50 GMT-03:00 2025
MergeSort,Paralela,100000,duplicates,1,2,2,3,6,276500,16,Mon Nov 03 16:37:50 GMT-03:00 2025
MergeSort,Paralela,100000,duplicates,1,2,2,4,6,786700,16,Mon Nov 03 16:37:50 GMT-03:00 2025
MergeSort,Paralela,100000,duplicates,1,2,2,5,6,387200,16,Mon Nov 03 16:37:50 GMT-03:00 2025
MergeSort,Paralela,100000,duplicates,2,4,4,1,4,452900,16,Mon Nov 03 16:37:50 GMT-03:00 2025
MergeSort,Paralela,100000,duplicates,2,4,4,2,6,479900,16,Mon Nov 03 16:37:50 GMT-03:00 2025
MergeSort,Paralela,100000,duplicates,2,4,4,3,4,604500,16,Mon Nov 03 16:37:50 GMT-03:00 2025
MergeSort,Paralela,100000,duplicates,2,4,4,4,4,361900,16,Mon Nov 03 16:37:50 GMT-03:00 2025
MergeSort,Paralela,100000,duplicates,2,4,4,5,5,550600,16,Mon Nov 03 16:37:50 GMT-03:00 2025
MergeSort,Paralela,100000,duplicates,3,8,8,1,5,809200,16,Mon Nov 03 16:37:50 GMT-03:00 2025
MergeSort,Paralela,100000,duplicates,3,8,8,2,4,572200,16,Mon Nov 03 16:37:50 GMT-03:00 2025
MergeSort,Paralela,100000,duplicates,3,8,8,3,5,214900,16,Mon Nov 03 16:37:50 GMT-03:00 2025
MergeSort,Paralela,100000,duplicates,3,8,8,4,5,603600,16,Mon Nov 03 16:37:50 GMT-03:00 2025
MergeSort,Paralela,100000,duplicates,3,8,8,5,4,513200,16,Mon Nov 03 16:37:50 GMT-03:00 2025
